{
    "model": {
        "type": "minecraft:select",
        "property": "minecraft:display_context",
        "cases": [
            {
                "when": [
                    "gui",
                    "fixed",
                    "ground"
                ],
                "": "",
                "model": {
                    "type": "minecraft:model",
                    "model": "item/mace"
                }
            }
        ],
        "fallback": {
            "type": "minecraft:model",
            "model": "item/3d_mace"
        }
    }
}