{
	"format_version": "1.21.6",
	"credit": "Created by minimiscus",
	"textures": {
		"1": "block/heavy_core",
		"2": "item/mace_rod",
		"particle": "item/mace_rod"
	},
	"elements": [
		{
			"from": [4, 12, 4],
			"to": [12, 20, 12],
			"rotation": {"angle": 45, "axis": "y", "origin": [8, 12.5, 8]},
			"faces": {
				"north": {"uv": [0, 8, 8, 16], "texture": "#1"},
				"east": {"uv": [0, 8, 8, 16], "texture": "#1"},
				"south": {"uv": [0, 8, 8, 16], "texture": "#1"},
				"west": {"uv": [0, 8, 8, 16], "texture": "#1"},
				"up": {"uv": [0, 0, 8, 8], "rotation": 270, "texture": "#1", "cullface": "up"},
				"down": {"uv": [8, 0, 16, 8], "texture": "#1"}
			}
		},
		{
			"name": "mace_rod_0",
			"from": [22.5, 14.25, 7.5],
			"to": [24, 15.75, 8.5],
			"rotation": {"angle": 45, "axis": "z", "origin": [8, -0.25, 8]},
			"faces": {
				"north": {"uv": [16, 0, 14.5, 1.5], "texture": "#2"},
				"east": {"uv": [15.5, 0, 16, 1.5], "texture": "#2"},
				"south": {"uv": [14.5, 0, 16, 1.5], "texture": "#2"},
				"west": {"uv": [14.5, 0, 15, 1.5], "texture": "#2"},
				"up": {"uv": [14.5, 0, 16, 0.5], "texture": "#2", "cullface": "up"},
				"down": {"uv": [14.5, 1, 16, 1.5], "texture": "#2"}
			}
		},
		{
			"name": "mace_rod_1",
			"from": [22, 12.75, 7.5],
			"to": [22.5, 15.25, 8.5],
			"rotation": {"angle": 45, "axis": "z", "origin": [8, -0.25, 8]},
			"faces": {
				"north": {"uv": [14.5, 0.5, 14, 3], "texture": "#2"},
				"south": {"uv": [14, 0.5, 14.5, 3], "texture": "#2"},
				"west": {"uv": [14, 0.5, 14.5, 3], "texture": "#2"},
				"up": {"uv": [14, 0.5, 14.5, 1], "texture": "#2", "cullface": "up"}
			}
		},
		{
			"name": "mace_rod_2",
			"from": [21.5, 12.25, 7.5],
			"to": [22, 14.75, 8.5],
			"rotation": {"angle": 45, "axis": "z", "origin": [8, -0.25, 8]},
			"faces": {
				"north": {"uv": [14, 1, 13.5, 3.5], "texture": "#2"},
				"south": {"uv": [13.5, 1, 14, 3.5], "texture": "#2"},
				"up": {"uv": [13.5, 1, 14, 1.5], "texture": "#2", "cullface": "up"}
			}
		},
		{
			"name": "mace_rod_4",
			"from": [22.5, 13.75, 7.5],
			"to": [23.5, 14.25, 8.5],
			"rotation": {"angle": 45, "axis": "z", "origin": [8, -0.25, 8]},
			"faces": {
				"north": {"uv": [15.5, 1.5, 14.5, 2], "texture": "#2"},
				"east": {"uv": [15, 1.5, 15.5, 2], "texture": "#2"},
				"south": {"uv": [14.5, 1.5, 15.5, 2], "texture": "#2"},
				"down": {"uv": [14.5, 1.5, 15.5, 2], "texture": "#2"}
			}
		},
		{
			"name": "mace_rod_6",
			"from": [22.5, 13.25, 7.5],
			"to": [23, 13.75, 8.5],
			"rotation": {"angle": 45, "axis": "z", "origin": [8, -0.25, 8]},
			"faces": {
				"north": {"uv": [15, 2, 14.5, 2.5], "texture": "#2"},
				"east": {"uv": [14.5, 2, 15, 2.5], "texture": "#2"},
				"south": {"uv": [14.5, 2, 15, 2.5], "texture": "#2"}
			}
		},
		{
			"name": "mace_rod_13",
			"from": [17, 7.75, 7.5],
			"to": [17.5, 10.25, 8.5],
			"rotation": {"angle": 45, "axis": "z", "origin": [8, -0.25, 8]},
			"faces": {
				"north": {"uv": [9.5, 5.5, 9, 8], "texture": "#2"},
				"south": {"uv": [9, 5.5, 9.5, 8], "texture": "#2"},
				"down": {"uv": [9, 7.5, 9.5, 8], "texture": "#2"}
			}
		},
		{
			"name": "mace_rod_14",
			"from": [16.5, 7.25, 7.5],
			"to": [17, 9.75, 8.5],
			"rotation": {"angle": 45, "axis": "z", "origin": [8, -0.25, 8]},
			"faces": {
				"north": {"uv": [9, 6, 8.5, 8.5], "texture": "#2"},
				"east": {"uv": [8.5, 6, 9, 8.5], "texture": "#2"},
				"south": {"uv": [8.5, 6, 9, 8.5], "texture": "#2"},
				"down": {"uv": [8.5, 8, 9, 8.5], "texture": "#2"}
			}
		},
		{
			"name": "mace_rod_15",
			"from": [16, 6.75, 7.5],
			"to": [16.5, 9.25, 8.5],
			"rotation": {"angle": 45, "axis": "z", "origin": [8, -0.25, 8]},
			"faces": {
				"north": {"uv": [8.5, 6.5, 8, 9], "texture": "#2"},
				"east": {"uv": [8, 6.5, 8.5, 9], "texture": "#2"},
				"south": {"uv": [8, 6.5, 8.5, 9], "texture": "#2"},
				"west": {"uv": [8, 6.5, 8.5, 9], "texture": "#2"},
				"down": {"uv": [8, 8.5, 8.5, 9], "texture": "#2"}
			}
		},
		{
			"name": "mace_rod_16",
			"from": [15.5, 6.25, 7.5],
			"to": [16, 8.75, 8.5],
			"rotation": {"angle": 45, "axis": "z", "origin": [8, -0.25, 8]},
			"faces": {
				"north": {"uv": [8, 7, 7.5, 9.5], "texture": "#2"},
				"east": {"uv": [7.5, 7, 8, 9.5], "texture": "#2"},
				"south": {"uv": [7.5, 7, 8, 9.5], "texture": "#2"},
				"west": {"uv": [7.5, 7, 8, 9.5], "texture": "#2"},
				"up": {"uv": [7.5, 7, 8, 7.5], "texture": "#2"},
				"down": {"uv": [7.5, 9, 8, 9.5], "texture": "#2"}
			}
		},
		{
			"name": "mace_rod_17",
			"from": [15, 5.75, 7.5],
			"to": [15.5, 8.25, 8.5],
			"rotation": {"angle": 45, "axis": "z", "origin": [8, -0.25, 8]},
			"faces": {
				"north": {"uv": [7.5, 7.5, 7, 10], "texture": "#2"},
				"east": {"uv": [7, 7.5, 7.5, 10], "texture": "#2"},
				"south": {"uv": [7, 7.5, 7.5, 10], "texture": "#2"},
				"west": {"uv": [7, 7.5, 7.5, 10], "texture": "#2"},
				"up": {"uv": [7, 7.5, 7.5, 8], "texture": "#2"},
				"down": {"uv": [7, 9.5, 7.5, 10], "texture": "#2"}
			}
		},
		{
			"name": "mace_rod_18",
			"from": [14.5, 5.25, 7.5],
			"to": [15, 7.75, 8.5],
			"rotation": {"angle": 45, "axis": "z", "origin": [8, -0.25, 8]},
			"faces": {
				"north": {"uv": [7, 8, 6.5, 10.5], "texture": "#2"},
				"east": {"uv": [6.5, 8, 7, 10.5], "texture": "#2"},
				"south": {"uv": [6.5, 8, 7, 10.5], "texture": "#2"},
				"west": {"uv": [6.5, 8, 7, 10.5], "texture": "#2"},
				"up": {"uv": [6.5, 8, 7, 8.5], "texture": "#2"},
				"down": {"uv": [6.5, 10, 7, 10.5], "texture": "#2"}
			}
		},
		{
			"name": "mace_rod_19",
			"from": [14, 4.75, 7.5],
			"to": [14.5, 7.25, 8.5],
			"rotation": {"angle": 45, "axis": "z", "origin": [8, -0.25, 8]},
			"faces": {
				"north": {"uv": [6.5, 8.5, 6, 11], "texture": "#2"},
				"east": {"uv": [6, 8.5, 6.5, 11], "texture": "#2"},
				"south": {"uv": [6, 8.5, 6.5, 11], "texture": "#2"},
				"west": {"uv": [6, 8.5, 6.5, 11], "texture": "#2"},
				"up": {"uv": [6, 8.5, 6.5, 9], "texture": "#2"},
				"down": {"uv": [6, 10.5, 6.5, 11], "texture": "#2"}
			}
		},
		{
			"name": "mace_rod_20",
			"from": [13.5, 4.25, 7.5],
			"to": [14, 6.75, 8.5],
			"rotation": {"angle": 45, "axis": "z", "origin": [8, -0.25, 8]},
			"faces": {
				"north": {"uv": [6, 9, 5.5, 11.5], "texture": "#2"},
				"east": {"uv": [5.5, 9, 6, 11.5], "texture": "#2"},
				"south": {"uv": [5.5, 9, 6, 11.5], "texture": "#2"},
				"west": {"uv": [5.5, 9, 6, 11.5], "texture": "#2"},
				"up": {"uv": [5.5, 9, 6, 9.5], "texture": "#2"},
				"down": {"uv": [5.5, 11, 6, 11.5], "texture": "#2"}
			}
		},
		{
			"name": "mace_rod_21",
			"from": [13, 3.75, 7.5],
			"to": [13.5, 6.25, 8.5],
			"rotation": {"angle": 45, "axis": "z", "origin": [8, -0.25, 8]},
			"faces": {
				"north": {"uv": [5.5, 9.5, 5, 12], "texture": "#2"},
				"east": {"uv": [5, 9.5, 5.5, 12], "texture": "#2"},
				"south": {"uv": [5, 9.5, 5.5, 12], "texture": "#2"},
				"west": {"uv": [5, 9.5, 5.5, 12], "texture": "#2"},
				"up": {"uv": [5, 9.5, 5.5, 10], "texture": "#2"},
				"down": {"uv": [5, 11.5, 5.5, 12], "texture": "#2"}
			}
		},
		{
			"name": "mace_rod_22",
			"from": [12.5, 3.25, 7.5],
			"to": [13, 5.75, 8.5],
			"rotation": {"angle": 45, "axis": "z", "origin": [8, -0.25, 8]},
			"faces": {
				"north": {"uv": [5, 10, 4.5, 12.5], "texture": "#2"},
				"east": {"uv": [4.5, 10, 5, 12.5], "texture": "#2"},
				"south": {"uv": [4.5, 10, 5, 12.5], "texture": "#2"},
				"west": {"uv": [4.5, 10, 5, 12.5], "texture": "#2"},
				"up": {"uv": [4.5, 10, 5, 10.5], "texture": "#2"},
				"down": {"uv": [4.5, 12, 5, 12.5], "texture": "#2"}
			}
		},
		{
			"name": "mace_rod_23",
			"from": [12, 2.75, 7.5],
			"to": [12.5, 5.25, 8.5],
			"rotation": {"angle": 45, "axis": "z", "origin": [8, -0.25, 8]},
			"faces": {
				"north": {"uv": [4.5, 10.5, 4, 13], "texture": "#2"},
				"east": {"uv": [4, 10.5, 4.5, 13], "texture": "#2"},
				"south": {"uv": [4, 10.5, 4.5, 13], "texture": "#2"},
				"west": {"uv": [4, 10.5, 4.5, 13], "texture": "#2"},
				"up": {"uv": [4, 10.5, 4.5, 11], "texture": "#2"},
				"down": {"uv": [4, 12.5, 4.5, 13], "texture": "#2"}
			}
		},
		{
			"name": "mace_rod_24",
			"from": [11.5, 2.25, 7.5],
			"to": [12, 4.75, 8.5],
			"rotation": {"angle": 45, "axis": "z", "origin": [8, -0.25, 8]},
			"faces": {
				"north": {"uv": [4, 11, 3.5, 13.5], "texture": "#2"},
				"east": {"uv": [3.5, 11, 4, 13.5], "texture": "#2"},
				"south": {"uv": [3.5, 11, 4, 13.5], "texture": "#2"},
				"west": {"uv": [3.5, 11, 4, 13.5], "texture": "#2"},
				"up": {"uv": [3.5, 11, 4, 11.5], "texture": "#2"},
				"down": {"uv": [3.5, 13, 4, 13.5], "texture": "#2"}
			}
		},
		{
			"name": "mace_rod_25",
			"from": [11, 1.75, 7.5],
			"to": [11.5, 4.25, 8.5],
			"rotation": {"angle": 45, "axis": "z", "origin": [8, -0.25, 8]},
			"faces": {
				"north": {"uv": [3.5, 11.5, 3, 14], "texture": "#2"},
				"east": {"uv": [3, 11.5, 3.5, 14], "texture": "#2"},
				"south": {"uv": [3, 11.5, 3.5, 14], "texture": "#2"},
				"west": {"uv": [3, 11.5, 3.5, 14], "texture": "#2"},
				"up": {"uv": [3, 11.5, 3.5, 12], "texture": "#2"},
				"down": {"uv": [3, 13.5, 3.5, 14], "texture": "#2"}
			}
		},
		{
			"name": "mace_rod_26",
			"from": [10.5, 1.25, 7.5],
			"to": [11, 3.75, 8.5],
			"rotation": {"angle": 45, "axis": "z", "origin": [8, -0.25, 8]},
			"faces": {
				"north": {"uv": [3, 12, 2.5, 14.5], "texture": "#2"},
				"east": {"uv": [2.5, 12, 3, 14.5], "texture": "#2"},
				"south": {"uv": [2.5, 12, 3, 14.5], "texture": "#2"},
				"west": {"uv": [2.5, 12, 3, 14.5], "texture": "#2"},
				"up": {"uv": [2.5, 12, 3, 12.5], "texture": "#2"},
				"down": {"uv": [2.5, 14, 3, 14.5], "texture": "#2"}
			}
		},
		{
			"name": "mace_rod_27",
			"from": [10, 0.25, 7.5],
			"to": [10.5, 3.25, 8.5],
			"rotation": {"angle": 45, "axis": "z", "origin": [8, -0.25, 8]},
			"faces": {
				"north": {"uv": [2.5, 12.5, 2, 15.5], "texture": "#2"},
				"east": {"uv": [2, 12.5, 2.5, 15.5], "texture": "#2"},
				"south": {"uv": [2, 12.5, 2.5, 15.5], "texture": "#2"},
				"west": {"uv": [2, 12.5, 2.5, 15.5], "texture": "#2"},
				"up": {"uv": [2, 12.5, 2.5, 13], "texture": "#2"},
				"down": {"uv": [2, 15, 2.5, 15.5], "texture": "#2"}
			}
		},
		{
			"name": "mace_rod_28",
			"from": [9.5, -0.25, 7.5],
			"to": [10, 2.75, 8.5],
			"rotation": {"angle": 45, "axis": "z", "origin": [8, -0.25, 8]},
			"faces": {
				"north": {"uv": [2, 13, 1.5, 16], "texture": "#2"},
				"east": {"uv": [1.5, 13, 2, 16], "texture": "#2"},
				"south": {"uv": [1.5, 13, 2, 16], "texture": "#2"},
				"west": {"uv": [1.5, 13, 2, 16], "texture": "#2"},
				"up": {"uv": [1.5, 13, 2, 13.5], "texture": "#2"},
				"down": {"uv": [1.5, 15.5, 2, 16], "texture": "#2"}
			}
		},
		{
			"name": "mace_rod_29",
			"from": [8.5, -0.25, 7.5],
			"to": [9.5, 2.25, 8.5],
			"rotation": {"angle": 45, "axis": "z", "origin": [8, -0.25, 8]},
			"faces": {
				"north": {"uv": [1.5, 13.5, 0.5, 16], "texture": "#2"},
				"south": {"uv": [0.5, 13.5, 1.5, 16], "texture": "#2"},
				"west": {"uv": [0.5, 13.5, 1, 16], "texture": "#2"},
				"up": {"uv": [0.5, 13.5, 1.5, 14], "texture": "#2"},
				"down": {"uv": [0.5, 15.5, 1.5, 16], "texture": "#2"}
			}
		},
		{
			"name": "mace_rod_30",
			"from": [8, 0.25, 7.5],
			"to": [8.5, 1.75, 8.5],
			"rotation": {"angle": 45, "axis": "z", "origin": [8, -0.25, 8]},
			"faces": {
				"north": {"uv": [0.5, 14, 0, 15.5], "texture": "#2"},
				"south": {"uv": [0, 14, 0.5, 15.5], "texture": "#2"},
				"west": {"uv": [0, 14, 0.5, 15.5], "texture": "#2"},
				"up": {"uv": [0, 14, 0.5, 14.5], "texture": "#2"},
				"down": {"uv": [0, 15, 0.5, 15.5], "texture": "#2"}
			}
		}
	],
	"gui_light": "front",
	"display": {
		"thirdperson_righthand": {
			"rotation": [-6, -90, 0],
			"translation": [0, 0.5, 1.5],
			"scale": [0.9, 0.9, 0.9]
		},
		"thirdperson_lefthand": {
			"rotation": [6, 90, 0],
			"translation": [0, 0.5, 1.5],
			"scale": [0.9, 0.9, 0.9]
		},
		"firstperson_righthand": {
			"rotation": [8, -90, 0],
			"translation": [1.25, -0.5, -1.5],
			"scale": [0.68, 0.68, 0.68]
		},
		"firstperson_lefthand": {
			"rotation": [8, 90, 0],
			"translation": [1.25, -0.5, -1.5],
			"scale": [0.68, 0.68, 0.68]
		},
		"ground": {
			"rotation": [0, 0, -45],
			"scale": [0.5, 0.5, 0.5]
		},
		"gui": {
			"rotation": [-180, 0, -135],
			"translation": [-2.25, -2.25, 0],
			"scale": [0.8, 0.8, 0.8]
		},
		"fixed": {
			"rotation": [-180, 0, 135],
			"translation": [3, -3, 0.5]
		}
	},
	"groups": [
		{
			"name": "mace",
			"origin": [8, 8, 8],
			"color": 0,
			"children": [0]
		},
		{
			"name": "mace_rod",
			"origin": [8, 8, 8],
			"color": 0,
			"children": [1, 2, 3, 4, 5, 6, 7, 8, 9, 10, 11, 12, 13, 14, 15, 16, 17, 18, 19, 20, 21, 22, 23]
		}
	]
}