{
	"credit": "Created by minimiscus",
	"textures": {
		"0": "item/mace_rod",
		"1": "item/mace_head"
	},
	"elements": [
		{
			"from": [4, 12, 4],
			"to": [12, 20, 12],
			"rotation": {"angle": 45, "axis": "y", "origin": [8, 12.5, 8]},
			"faces": {
				"north": {"uv": [0, 8, 8, 16], "texture": "#1"},
				"east": {"uv": [0, 8, 8, 16], "texture": "#1"},
				"south": {"uv": [0, 8, 8, 16], "texture": "#1"},
				"west": {"uv": [0, 8, 8, 16], "texture": "#1"},
				"up": {"uv": [0, 0, 8, 8], "rotation": 270, "texture": "#1", "cullface": "up"},
				"down": {"uv": [8, 0, 16, 8], "texture": "#1"}
			}
		},
		{
			"name": "mace_rod_0",
			"from": [22.5, 13.7, 7.5],
			"to": [23.5, 15.7, 8.5],
			"rotation": {"angle": 45, "axis": "z", "origin": [8, -0.3, 7.35]},
			"faces": {
				"north": {"uv": [15.5, 0, 14.5, 2], "texture": "#0"},
				"east": {"uv": [15, 0, 15.5, 2], "texture": "#0"},
				"south": {"uv": [14.5, 0, 15.5, 2], "texture": "#0"},
				"west": {"uv": [14.5, 0, 15, 2], "texture": "#0"},
				"up": {"uv": [14.5, 0, 15.5, 0.5], "texture": "#0", "cullface": "up"},
				"down": {"uv": [14.5, 1.5, 15.5, 2], "texture": "#0"}
			}
		},
		{
			"name": "mace_rod_1",
			"from": [22, 12.7, 7.5],
			"to": [22.5, 15.2, 8.5],
			"rotation": {"angle": 45, "axis": "z", "origin": [8, -0.3, 7.35]},
			"faces": {
				"north": {"uv": [14.5, 0.5, 14, 3], "texture": "#0"},
				"east": {"uv": [14, 0.5, 14.5, 3], "texture": "#0"},
				"south": {"uv": [14, 0.5, 14.5, 3], "texture": "#0"},
				"west": {"uv": [14, 0.5, 14.5, 3], "texture": "#0"},
				"up": {"uv": [14, 0.5, 14.5, 1], "texture": "#0", "cullface": "up"},
				"down": {"uv": [14, 2.5, 14.5, 3], "texture": "#0"}
			}
		},
		{
			"name": "mace_rod_2",
			"from": [23.5, 14.2, 7.5],
			"to": [24, 15.2, 8.5],
			"rotation": {"angle": 45, "axis": "z", "origin": [8, -0.3, 7.35]},
			"faces": {
				"north": {"uv": [16, 0.5, 15.5, 1.5], "texture": "#0"},
				"east": {"uv": [15.5, 0.5, 16, 1.5], "texture": "#0"},
				"south": {"uv": [15.5, 0.5, 16, 1.5], "texture": "#0"},
				"up": {"uv": [15.5, 0.5, 16, 1], "texture": "#0", "cullface": "up"},
				"down": {"uv": [15.5, 1, 16, 1.5], "texture": "#0"}
			}
		},
		{
			"name": "mace_rod_3",
			"from": [21.5, 12.2, 7.5],
			"to": [22, 14.7, 8.5],
			"rotation": {"angle": 45, "axis": "z", "origin": [8, -0.3, 7.35]},
			"faces": {
				"north": {"uv": [14, 1, 13.5, 3.5], "texture": "#0"},
				"east": {"uv": [13.5, 1, 14, 3.5], "texture": "#0"},
				"south": {"uv": [13.5, 1, 14, 3.5], "texture": "#0"},
				"west": {"uv": [13.5, 1, 14, 3.5], "texture": "#0"},
				"up": {"uv": [13.5, 1, 14, 1.5], "texture": "#0", "cullface": "up"},
				"down": {"uv": [13.5, 3, 14, 3.5], "texture": "#0"}
			}
		},
		{
			"name": "mace_rod_4",
			"from": [21, 11.7, 7.5],
			"to": [21.5, 14.2, 8.5],
			"rotation": {"angle": 45, "axis": "z", "origin": [8, -0.3, 7.35]},
			"faces": {
				"north": {"uv": [13.5, 1.5, 13, 4], "texture": "#0"},
				"east": {"uv": [13, 1.5, 13.5, 4], "texture": "#0"},
				"south": {"uv": [13, 1.5, 13.5, 4], "texture": "#0"},
				"west": {"uv": [13, 1.5, 13.5, 4], "texture": "#0"},
				"up": {"uv": [13, 1.5, 13.5, 2], "texture": "#0", "cullface": "up"},
				"down": {"uv": [13, 3.5, 13.5, 4], "texture": "#0"}
			}
		},
		{
			"name": "mace_rod_5",
			"from": [20.5, 11.2, 7.5],
			"to": [21, 13.7, 8.5],
			"rotation": {"angle": 45, "axis": "z", "origin": [8, -0.3, 7.35]},
			"faces": {
				"north": {"uv": [13, 2, 12.5, 4.5], "texture": "#0"},
				"east": {"uv": [12.5, 2, 13, 4.5], "texture": "#0"},
				"south": {"uv": [12.5, 2, 13, 4.5], "texture": "#0"},
				"west": {"uv": [12.5, 2, 13, 4.5], "texture": "#0"},
				"up": {"uv": [12.5, 2, 13, 2.5], "texture": "#0", "cullface": "up"},
				"down": {"uv": [12.5, 4, 13, 4.5], "texture": "#0"}
			}
		},
		{
			"name": "mace_rod_6",
			"from": [22.5, 13.2, 7.5],
			"to": [23, 13.7, 8.5],
			"rotation": {"angle": 45, "axis": "z", "origin": [8, -0.3, 7.35]},
			"faces": {
				"north": {"uv": [15, 2, 14.5, 2.5], "texture": "#0"},
				"east": {"uv": [14.5, 2, 15, 2.5], "texture": "#0"},
				"south": {"uv": [14.5, 2, 15, 2.5], "texture": "#0"},
				"down": {"uv": [14.5, 2, 15, 2.5], "texture": "#0"}
			}
		},
		{
			"name": "mace_rod_7",
			"from": [20, 10.7, 7.5],
			"to": [20.5, 13.2, 8.5],
			"rotation": {"angle": 45, "axis": "z", "origin": [8, -0.3, 7.35]},
			"faces": {
				"north": {"uv": [12.5, 2.5, 12, 5], "texture": "#0"},
				"east": {"uv": [12, 2.5, 12.5, 5], "texture": "#0"},
				"south": {"uv": [12, 2.5, 12.5, 5], "texture": "#0"},
				"west": {"uv": [12, 2.5, 12.5, 5], "texture": "#0"},
				"up": {"uv": [12, 2.5, 12.5, 3], "texture": "#0", "cullface": "up"},
				"down": {"uv": [12, 4.5, 12.5, 5], "texture": "#0"}
			}
		},
		{
			"name": "mace_rod_8",
			"from": [19.5, 10.2, 7.5],
			"to": [20, 12.7, 8.5],
			"rotation": {"angle": 45, "axis": "z", "origin": [8, -0.3, 7.35]},
			"faces": {
				"north": {"uv": [12, 3, 11.5, 5.5], "texture": "#0"},
				"east": {"uv": [11.5, 3, 12, 5.5], "texture": "#0"},
				"south": {"uv": [11.5, 3, 12, 5.5], "texture": "#0"},
				"west": {"uv": [11.5, 3, 12, 5.5], "texture": "#0"},
				"up": {"uv": [11.5, 3, 12, 3.5], "texture": "#0", "cullface": "up"},
				"down": {"uv": [11.5, 5, 12, 5.5], "texture": "#0"}
			}
		},
		{
			"name": "mace_rod_9",
			"from": [19, 9.7, 7.5],
			"to": [19.5, 12.2, 8.5],
			"rotation": {"angle": 45, "axis": "z", "origin": [8, -0.3, 7.35]},
			"faces": {
				"north": {"uv": [11.5, 3.5, 11, 6], "texture": "#0"},
				"east": {"uv": [11, 3.5, 11.5, 6], "texture": "#0"},
				"south": {"uv": [11, 3.5, 11.5, 6], "texture": "#0"},
				"west": {"uv": [11, 3.5, 11.5, 6], "texture": "#0"},
				"up": {"uv": [11, 3.5, 11.5, 4], "texture": "#0", "cullface": "up"},
				"down": {"uv": [11, 5.5, 11.5, 6], "texture": "#0"}
			}
		},
		{
			"name": "mace_rod_10",
			"from": [18.5, 9.2, 7.5],
			"to": [19, 11.7, 8.5],
			"rotation": {"angle": 45, "axis": "z", "origin": [8, -0.3, 7.35]},
			"faces": {
				"north": {"uv": [11, 4, 10.5, 6.5], "texture": "#0"},
				"east": {"uv": [10.5, 4, 11, 6.5], "texture": "#0"},
				"south": {"uv": [10.5, 4, 11, 6.5], "texture": "#0"},
				"west": {"uv": [10.5, 4, 11, 6.5], "texture": "#0"},
				"up": {"uv": [10.5, 4, 11, 4.5], "texture": "#0"},
				"down": {"uv": [10.5, 6, 11, 6.5], "texture": "#0"}
			}
		},
		{
			"name": "mace_rod_11",
			"from": [18, 8.7, 7.5],
			"to": [18.5, 11.2, 8.5],
			"rotation": {"angle": 45, "axis": "z", "origin": [8, -0.3, 7.35]},
			"faces": {
				"north": {"uv": [10.5, 4.5, 10, 7], "texture": "#0"},
				"east": {"uv": [10, 4.5, 10.5, 7], "texture": "#0"},
				"south": {"uv": [10, 4.5, 10.5, 7], "texture": "#0"},
				"west": {"uv": [10, 4.5, 10.5, 7], "texture": "#0"},
				"up": {"uv": [10, 4.5, 10.5, 5], "texture": "#0"},
				"down": {"uv": [10, 6.5, 10.5, 7], "texture": "#0"}
			}
		},
		{
			"name": "mace_rod_12",
			"from": [17.5, 8.2, 7.5],
			"to": [18, 10.7, 8.5],
			"rotation": {"angle": 45, "axis": "z", "origin": [8, -0.3, 7.35]},
			"faces": {
				"north": {"uv": [10, 5, 9.5, 7.5], "texture": "#0"},
				"east": {"uv": [9.5, 5, 10, 7.5], "texture": "#0"},
				"south": {"uv": [9.5, 5, 10, 7.5], "texture": "#0"},
				"west": {"uv": [9.5, 5, 10, 7.5], "texture": "#0"},
				"up": {"uv": [9.5, 5, 10, 5.5], "texture": "#0"},
				"down": {"uv": [9.5, 7, 10, 7.5], "texture": "#0"}
			}
		},
		{
			"name": "mace_rod_13",
			"from": [17, 7.7, 7.5],
			"to": [17.5, 10.2, 8.5],
			"rotation": {"angle": 45, "axis": "z", "origin": [8, -0.3, 7.35]},
			"faces": {
				"north": {"uv": [9.5, 5.5, 9, 8], "texture": "#0"},
				"east": {"uv": [9, 5.5, 9.5, 8], "texture": "#0"},
				"south": {"uv": [9, 5.5, 9.5, 8], "texture": "#0"},
				"west": {"uv": [9, 5.5, 9.5, 8], "texture": "#0"},
				"up": {"uv": [9, 5.5, 9.5, 6], "texture": "#0"},
				"down": {"uv": [9, 7.5, 9.5, 8], "texture": "#0"}
			}
		},
		{
			"name": "mace_rod_14",
			"from": [16.5, 7.2, 7.5],
			"to": [17, 9.7, 8.5],
			"rotation": {"angle": 45, "axis": "z", "origin": [8, -0.3, 7.35]},
			"faces": {
				"north": {"uv": [9, 6, 8.5, 8.5], "texture": "#0"},
				"east": {"uv": [8.5, 6, 9, 8.5], "texture": "#0"},
				"south": {"uv": [8.5, 6, 9, 8.5], "texture": "#0"},
				"west": {"uv": [8.5, 6, 9, 8.5], "texture": "#0"},
				"up": {"uv": [8.5, 6, 9, 6.5], "texture": "#0"},
				"down": {"uv": [8.5, 8, 9, 8.5], "texture": "#0"}
			}
		},
		{
			"name": "mace_rod_15",
			"from": [16, 6.7, 7.5],
			"to": [16.5, 9.2, 8.5],
			"rotation": {"angle": 45, "axis": "z", "origin": [8, -0.3, 7.35]},
			"faces": {
				"north": {"uv": [8.5, 6.5, 8, 9], "texture": "#0"},
				"east": {"uv": [8, 6.5, 8.5, 9], "texture": "#0"},
				"south": {"uv": [8, 6.5, 8.5, 9], "texture": "#0"},
				"west": {"uv": [8, 6.5, 8.5, 9], "texture": "#0"},
				"up": {"uv": [8, 6.5, 8.5, 7], "texture": "#0"},
				"down": {"uv": [8, 8.5, 8.5, 9], "texture": "#0"}
			}
		},
		{
			"name": "mace_rod_16",
			"from": [15.5, 6.2, 7.5],
			"to": [16, 8.7, 8.5],
			"rotation": {"angle": 45, "axis": "z", "origin": [8, -0.3, 7.35]},
			"faces": {
				"north": {"uv": [8, 7, 7.5, 9.5], "texture": "#0"},
				"east": {"uv": [7.5, 7, 8, 9.5], "texture": "#0"},
				"south": {"uv": [7.5, 7, 8, 9.5], "texture": "#0"},
				"west": {"uv": [7.5, 7, 8, 9.5], "texture": "#0"},
				"up": {"uv": [7.5, 7, 8, 7.5], "texture": "#0"},
				"down": {"uv": [7.5, 9, 8, 9.5], "texture": "#0"}
			}
		},
		{
			"name": "mace_rod_17",
			"from": [15, 5.7, 7.5],
			"to": [15.5, 8.2, 8.5],
			"rotation": {"angle": 45, "axis": "z", "origin": [8, -0.3, 7.35]},
			"faces": {
				"north": {"uv": [7.5, 7.5, 7, 10], "texture": "#0"},
				"east": {"uv": [7, 7.5, 7.5, 10], "texture": "#0"},
				"south": {"uv": [7, 7.5, 7.5, 10], "texture": "#0"},
				"west": {"uv": [7, 7.5, 7.5, 10], "texture": "#0"},
				"up": {"uv": [7, 7.5, 7.5, 8], "texture": "#0"},
				"down": {"uv": [7, 9.5, 7.5, 10], "texture": "#0"}
			}
		},
		{
			"name": "mace_rod_18",
			"from": [14.5, 5.2, 7.5],
			"to": [15, 7.7, 8.5],
			"rotation": {"angle": 45, "axis": "z", "origin": [8, -0.3, 7.35]},
			"faces": {
				"north": {"uv": [7, 8, 6.5, 10.5], "texture": "#0"},
				"east": {"uv": [6.5, 8, 7, 10.5], "texture": "#0"},
				"south": {"uv": [6.5, 8, 7, 10.5], "texture": "#0"},
				"west": {"uv": [6.5, 8, 7, 10.5], "texture": "#0"},
				"up": {"uv": [6.5, 8, 7, 8.5], "texture": "#0"},
				"down": {"uv": [6.5, 10, 7, 10.5], "texture": "#0"}
			}
		},
		{
			"name": "mace_rod_19",
			"from": [14, 4.7, 7.5],
			"to": [14.5, 7.2, 8.5],
			"rotation": {"angle": 45, "axis": "z", "origin": [8, -0.3, 7.35]},
			"faces": {
				"north": {"uv": [6.5, 8.5, 6, 11], "texture": "#0"},
				"east": {"uv": [6, 8.5, 6.5, 11], "texture": "#0"},
				"south": {"uv": [6, 8.5, 6.5, 11], "texture": "#0"},
				"west": {"uv": [6, 8.5, 6.5, 11], "texture": "#0"},
				"up": {"uv": [6, 8.5, 6.5, 9], "texture": "#0"},
				"down": {"uv": [6, 10.5, 6.5, 11], "texture": "#0"}
			}
		},
		{
			"name": "mace_rod_20",
			"from": [13.5, 4.2, 7.5],
			"to": [14, 6.7, 8.5],
			"rotation": {"angle": 45, "axis": "z", "origin": [8, -0.3, 7.35]},
			"faces": {
				"north": {"uv": [6, 9, 5.5, 11.5], "texture": "#0"},
				"east": {"uv": [5.5, 9, 6, 11.5], "texture": "#0"},
				"south": {"uv": [5.5, 9, 6, 11.5], "texture": "#0"},
				"west": {"uv": [5.5, 9, 6, 11.5], "texture": "#0"},
				"up": {"uv": [5.5, 9, 6, 9.5], "texture": "#0"},
				"down": {"uv": [5.5, 11, 6, 11.5], "texture": "#0"}
			}
		},
		{
			"name": "mace_rod_21",
			"from": [13, 3.7, 7.5],
			"to": [13.5, 6.2, 8.5],
			"rotation": {"angle": 45, "axis": "z", "origin": [8, -0.3, 7.35]},
			"faces": {
				"north": {"uv": [5.5, 9.5, 5, 12], "texture": "#0"},
				"east": {"uv": [5, 9.5, 5.5, 12], "texture": "#0"},
				"south": {"uv": [5, 9.5, 5.5, 12], "texture": "#0"},
				"west": {"uv": [5, 9.5, 5.5, 12], "texture": "#0"},
				"up": {"uv": [5, 9.5, 5.5, 10], "texture": "#0"},
				"down": {"uv": [5, 11.5, 5.5, 12], "texture": "#0"}
			}
		},
		{
			"name": "mace_rod_22",
			"from": [12.5, 3.2, 7.5],
			"to": [13, 5.7, 8.5],
			"rotation": {"angle": 45, "axis": "z", "origin": [8, -0.3, 7.35]},
			"faces": {
				"north": {"uv": [5, 10, 4.5, 12.5], "texture": "#0"},
				"east": {"uv": [4.5, 10, 5, 12.5], "texture": "#0"},
				"south": {"uv": [4.5, 10, 5, 12.5], "texture": "#0"},
				"west": {"uv": [4.5, 10, 5, 12.5], "texture": "#0"},
				"up": {"uv": [4.5, 10, 5, 10.5], "texture": "#0"},
				"down": {"uv": [4.5, 12, 5, 12.5], "texture": "#0"}
			}
		},
		{
			"name": "mace_rod_23",
			"from": [12, 2.7, 7.5],
			"to": [12.5, 5.2, 8.5],
			"rotation": {"angle": 45, "axis": "z", "origin": [8, -0.3, 7.35]},
			"faces": {
				"north": {"uv": [4.5, 10.5, 4, 13], "texture": "#0"},
				"east": {"uv": [4, 10.5, 4.5, 13], "texture": "#0"},
				"south": {"uv": [4, 10.5, 4.5, 13], "texture": "#0"},
				"west": {"uv": [4, 10.5, 4.5, 11], "texture": "#0"},
				"up": {"uv": [4, 10.5, 4.5, 11], "texture": "#0"},
				"down": {"uv": [4, 12.5, 4.5, 13], "texture": "#0"}
			}
		},
		{
			"name": "mace_rod_24",
			"from": [11.5, 2.2, 7.5],
			"to": [12, 4.7, 8.5],
			"rotation": {"angle": 45, "axis": "z", "origin": [8, -0.3, 7.35]},
			"faces": {
				"north": {"uv": [4, 11, 3.5, 13.5], "texture": "#0"},
				"east": {"uv": [3.5, 11, 4, 13.5], "texture": "#0"},
				"south": {"uv": [3.5, 11, 4, 13.5], "texture": "#0"},
				"west": {"uv": [3.5, 11, 4, 11.5], "texture": "#0"},
				"up": {"uv": [3.5, 11, 4, 11.5], "texture": "#0"},
				"down": {"uv": [3.5, 13, 4, 13.5], "texture": "#0"}
			}
		},
		{
			"name": "mace_rod_25",
			"from": [11, 1.7, 7.5],
			"to": [11.5, 4.2, 8.5],
			"rotation": {"angle": 45, "axis": "z", "origin": [8, -0.3, 7.35]},
			"faces": {
				"north": {"uv": [3.5, 11.5, 3, 14], "texture": "#0"},
				"east": {"uv": [3, 11.5, 3.5, 14], "texture": "#0"},
				"south": {"uv": [3, 11.5, 3.5, 14], "texture": "#0"},
				"west": {"uv": [3, 11.5, 3.5, 12], "texture": "#0"},
				"up": {"uv": [3, 11.5, 3.5, 12], "texture": "#0"},
				"down": {"uv": [3, 13.5, 3.5, 14], "texture": "#0"}
			}
		},
		{
			"name": "mace_rod_26",
			"from": [10.5, 0.2, 7.5],
			"to": [11, 3.7, 8.5],
			"rotation": {"angle": 45, "axis": "z", "origin": [8, -0.3, 7.35]},
			"faces": {
				"north": {"uv": [3, 12, 2.5, 15.5], "texture": "#0"},
				"east": {"uv": [2.5, 12, 3, 15.5], "texture": "#0"},
				"south": {"uv": [2.5, 12, 3, 15.5], "texture": "#0"},
				"west": {"uv": [2.5, 12, 3, 15.5], "texture": "#0"},
				"up": {"uv": [2.5, 12, 3, 12.5], "texture": "#0"},
				"down": {"uv": [2.5, 15, 3, 15.5], "texture": "#0"}
			}
		},
		{
			"name": "mace_rod_27",
			"from": [10, -0.3, 7.5],
			"to": [10.5, 3.2, 8.5],
			"rotation": {"angle": 45, "axis": "z", "origin": [8, -0.3, 7.35]},
			"faces": {
				"north": {"uv": [2.5, 12.5, 2, 16], "texture": "#0"},
				"east": {"uv": [2, 12.5, 2.5, 16], "texture": "#0"},
				"south": {"uv": [2, 12.5, 2.5, 16], "texture": "#0"},
				"west": {"uv": [2, 12.5, 2.5, 16], "texture": "#0"},
				"up": {"uv": [2, 12.5, 2.5, 13], "texture": "#0"},
				"down": {"uv": [2, 15.5, 2.5, 16], "texture": "#0"}
			}
		},
		{
			"name": "mace_rod_28",
			"from": [8.5, -0.3, 7.5],
			"to": [10, 2.7, 8.5],
			"rotation": {"angle": 45, "axis": "z", "origin": [8, -0.3, 7.35]},
			"faces": {
				"north": {"uv": [2, 13, 0.5, 16], "texture": "#0"},
				"south": {"uv": [0.5, 13, 2, 16], "texture": "#0"},
				"west": {"uv": [0.5, 13, 1, 16], "texture": "#0"},
				"up": {"uv": [0.5, 13, 2, 13.5], "texture": "#0"},
				"down": {"uv": [0.5, 15.5, 2, 16], "texture": "#0"}
			}
		},
		{
			"name": "mace_rod_29",
			"from": [8, 0.2, 7.5],
			"to": [8.5, 2.2, 8.5],
			"rotation": {"angle": 45, "axis": "z", "origin": [8, -0.3, 7.35]},
			"faces": {
				"north": {"uv": [0.5, 13.5, 0, 15.5], "texture": "#0"},
				"south": {"uv": [0, 13.5, 0.5, 15.5], "texture": "#0"},
				"west": {"uv": [0, 13.5, 0.5, 15.5], "texture": "#0"},
				"up": {"uv": [0, 13.5, 0.5, 14], "texture": "#0"},
				"down": {"uv": [0, 15, 0.5, 15.5], "texture": "#0"}
			}
		}
	],
	"gui_light": "front",
	"display": {
		"thirdperson_righthand": {
			"rotation": [0, -90, 0],
			"translation": [0, 0.75, 1.25]
		},
		"thirdperson_lefthand": {
			"rotation": [0, 90, 0],
			"translation": [0, 0.75, 1.25]
		},
		"firstperson_righthand": {
			"rotation": [8, -90, 0],
			"translation": [0.75, 0, -1.25],
			"scale": [0.68, 0.68, 0.68]
		},
		"firstperson_lefthand": {
			"rotation": [8, 90, 0],
			"translation": [0.75, 0, -1.25],
			"scale": [0.68, 0.68, 0.68]
		},
		"ground": {
			"rotation": [0, 0, -45],
			"scale": [0.5, 0.5, 0.5]
		},
		"gui": {
			"rotation": [0, 0, -45],
			"translation": [-2.5, -2.5, 0],
			"scale": [0.8, 0.8, 0.8]
		},
		"fixed": {
			"rotation": [0, 0, 45],
			"translation": [2.75, -3, 0.5]
		}
	},
	"groups": [
		{
			"name": "mace",
			"origin": [8, 8, 8],
			"color": 0,
			"children": [0, 1, 2, 3, 4, 5, 6, 7, 8, 9, 10, 11, 12, 13, 14, 15, 16, 17, 18, 19, 20, 21, 22, 23, 24, 25, 26, 27, 28, 29, 30]
		}
	]
}